{
  "use_improved": true,
  "threshold_percentile": null,
  "cluster_window_sec": 0.25,
  "mad_k": 6.0,
  "candidate_min_dist_ms": 60,
  "score_weights": [
    0.26,
    0.34,
    0.15,
    0.15,
    0.1
  ],
  "min_score_threshold": 0.17,
  "export_diagnostics": false,
  "logreg_model": {
    "type": "binary",
    "weights": [
      -1.9601831448507478,
      -1.4529018640560147,
      0.8688806703271311,
      -1.7040696994859488,
      -0.31226394438402827,
      -0.8748284237715688,
      0.0,
      0.0
    ],
    "bias": -4.015764349332384,
    "mean": [
      3.7508958053552517,
      4.766520490995117,
      -0.6690099647336739,
      0.056697933244946375,
      0.5475296332998832,
      0.013589500430576662,
      0.0,
      0.0
    ],
    "std": [
      0.5938743777781949,
      1.6098014982749802,
      1.4569193602550887,
      0.020361193646814043,
      0.26925593093556827,
      0.03463643064123356,
      1.0,
      1.0
    ]
  }
}