{
  "use_improved": true,
  "threshold_percentile": null,
  "cluster_window_sec": 0.08,
  "use_dynamic_cluster": false,
  "mad_k": 3.5,
  "candidate_min_dist_ms": 50,
  "score_weights": [
    0.26,
    0.34,
    0.15,
    0.15,
    0.1,
    0.05
  ],
  "min_score_threshold": 0.12,
  "min_confidence_threshold": 0.5,
  "export_diagnostics": false,
  "logreg_model": {
    "type": "binary",
    "weights": [
      1.0163606078696248,
      -0.54661278695883,
      0.777385764315661,
      -0.662858755646373,
      0.14625543862803717,
      -0.7406383805950095,
      0.0486232086760188,
      0.0,
      0.21563102176669974
    ],
    "bias": -3.9313659212021252,
    "mean": [
      2.9607585541079544,
      4.944355081623445,
      -1.4301780857106314,
      0.065805792319264,
      0.27730497809434346,
      0.020819928418953745,
      0.0018165304268846503,
      0.0,
      83.74034473558935
    ],
    "std": [
      0.8712012212162827,
      1.7565905292461879,
      1.6370577096855878,
      0.032588900416696466,
      0.2610574741065479,
      0.05701986737458895,
      0.04258204602990454,
      1.0,
      9.5281403846696
    ]
  },
  "use_mfcc": true,
  "use_cnn_only": true,
  "cnn_gunshot_path": "C:\\Users\\Cao\\Downloads\\shotmask_mvp\\outputs\\cnn_gunshot.pt",
  "cnn_beep_path": "C:\\Users\\Cao\\Downloads\\shotmask_mvp\\outputs\\cnn_beep.pt",
  "ast_gunshot_path": "C:\\Users\\Cao\\Downloads\\shotmask_mvp\\outputs\\ast_gunshot.pt"
}