{
  "use_improved": true,
  "threshold_percentile": null,
  "cluster_window_sec": 0.08,
  "use_dynamic_cluster": false,
  "mad_k": 3.5,
  "candidate_min_dist_ms": 50,
  "score_weights": [
    0.26,
    0.34,
    0.15,
    0.15,
    0.1,
    0.05
  ],
  "min_score_threshold": 0.12,
  "min_confidence_threshold": 0.26,
  "export_diagnostics": false,
  "logreg_model": {
    "type": "binary",
    "weights": [
      -0.07450473234351052,
      -0.14885044968020977,
      0.45119506039421853,
      -0.46360758268960406,
      -0.47245514232964086,
      -0.17426560087487733,
      0.0,
      0.0,
      -1.3393169902579327
    ],
    "bias": -0.29842746034212303,
    "mean": [
      3.3445104304872455,
      5.061461593942579,
      -0.8408458928056599,
      0.050455900868544214,
      0.43048067201750045,
      0.010978474876853186,
      0.0,
      0.0,
      80.74081264586138
    ],
    "std": [
      0.7690925885199501,
      1.522016995005416,
      1.3227251666223228,
      0.0190247720878218,
      0.2960932646875856,
      0.027181687756594144,
      1.0,
      1.0,
      26.571603511284234
    ]
  },
  "use_mfcc": true,
  "cnn_gunshot_path": "C:\\Users\\Cao\\Downloads\\shotmask_mvp\\outputs\\cnn_gunshot.pt"
}