{
  "use_improved": true,
  "threshold_percentile": null,
  "cluster_window_sec": 0.09,
  "use_dynamic_cluster": false,
  "mad_k": 5.0,
  "candidate_min_dist_ms": 45,
  "score_weights": [
    0.26,
    0.34,
    0.15,
    0.15,
    0.1
  ],
  "min_score_threshold": 0.12,
  "export_diagnostics": false,
  "logreg_model": {
    "type": "binary",
    "weights": [
      -1.489806425225859,
      -1.9913604697253193,
      0.9705617201915834,
      -1.704396379624242,
      0.2683211800368514,
      -1.4619902951323822,
      0.0,
      0.0
    ],
    "bias": -2.0859856057913104,
    "mean": [
      3.762057349362394,
      4.731019580116709,
      -0.6476613346337179,
      0.056576116407620856,
      0.5506660471388796,
      0.013535853795489756,
      0.0,
      0.0
    ],
    "std": [
      0.586552585395881,
      1.5906354823978366,
      1.433145662217513,
      0.020005416408805456,
      0.26589559462693063,
      0.033987812181184573,
      1.0,
      1.0
    ]
  }
}